,MEAN,ID,Class,Order,Family,Genus
OTU51,0.276766494,OTU51Rhizophagus,Glomeromycetes,Glomerales,Glomeraceae,Rhizoglomus
OTU70,0.113241081,OTU70Claroideoglomus,Glomeromycetes,Entrophosporales,Entrophosporaceae,Entrophospora
OTU166,0.173494762,OTU166Rhizophagus,Glomeromycetes,Glomerales,Glomeraceae,Rhizoglomus
OTU150,0.077133913,OTU150Rhizophagus,Glomeromycetes,Glomerales,Glomeraceae,Rhizoglomus
OTU253,0.008916875,OTU253Funneliformis,Glomeromycetes,Glomerales,Glomeraceae,Funneliformis
OTU118,0.058666906,OTU118Rhizophagus,Glomeromycetes,Glomerales,Glomeraceae,Rhizoglomus
OTU161,0.059491653,OTU161Rhizophagus,Glomeromycetes,Glomerales,Glomeraceae,Rhizoglomus
OTU132,0.050002579,OTU132Rhizophagus,Glomeromycetes,Glomerales,Glomeraceae,Rhizoglomus
OTU133,0.026347989,OTU133Glomus,Glomeromycetes,Glomerales,Glomeraceae,Dominikia
OTU206,0.0027731,OTU206Glomus,Glomeromycetes,Glomerales,Glomeraceae,Dominikia
OTU213,0.028794634,OTU213Rhizophagus,Glomeromycetes,Glomerales,Glomeraceae,Rhizoglomus
OTU935,0.019289828,OTU935Rhizophagus,Glomeromycetes,Glomerales,Glomeraceae,Rhizoglomus
OTU126,0.016785852,OTU126Glomus,Glomeromycetes,Glomerales,Glomeraceae,Dominikia
OTU251,0.023806213,OTU251Rhizophagus,Glomeromycetes,Glomerales,Glomeraceae,Rhizoglomus
OTU558,0.001720562,OTU558Funneliformis,Glomeromycetes,Glomerales,Glomeraceae,Funneliformis
OTU323,0.011469668,OTU323Glomus,Glomeromycetes,Glomerales,Glomeraceae,Dominikia
OTU224,0.000976925,OTU224Glomus,Glomeromycetes,Glomerales,Glomeraceae,Dominikia
OTU229,0.010688721,OTU229Glomus,Glomeromycetes,Glomerales,Glomeraceae,Dominikia
OTU355,0.001637984,OTU355Funneliformis,Glomeromycetes,Glomerales,Glomeraceae,Funneliformis
OTU408,0.002124889,OTU408Fungi,Paraglomeromycetes,Paraglomerales,Pervetustaceae,Pervetustus
OTU347,0.009566377,OTU347Rhizophagus,Glomeromycetes,Glomerales,Glomeraceae,Rhizoglomus
OTU476,0.006108211,OTU476Glomus,Glomeromycetes,Glomerales,Glomeraceae,Dominikia
OTU277,0.00056793,OTU277Glomus,Glomeromycetes,Glomerales,Glomeraceae,Dominikia
OTU565,0.000492085,OTU565Funneliformis,Glomeromycetes,Glomerales,Glomeraceae,Funneliformis
OTU491,0.000353979,OTU491Claroideoglomus,Glomeromycetes,Entrophosporales,Entrophosporaceae,Entrophospora
OTU368,0.00039133,OTU368Fungi,Paraglomeromycetes,Paraglomerales,Pervetustaceae,Pervetustus
OTU400,0.003275948,OTU400Glomus,Glomeromycetes,Glomerales,Glomeraceae,Dominikia
OTU333,0.00321866,OTU333Glomus,Glomeromycetes,Glomerales,Glomeraceae,Dominikia
OTU435,0.002009346,OTU435Glomus,Glomeromycetes,Glomerales,Glomeraceae,Dominikia
OTU534,0.002905174,OTU534Glomus,Glomeromycetes,Glomerales,Glomeraceae,Dominikia
OTU944,0.002028205,OTU944Rhizophagus,Glomeromycetes,Glomerales,Glomeraceae,Rhizoglomus
OTU553,0.000660917,OTU553Fungi,Paraglomeromycetes,Paraglomerales,Pervetustaceae,Pervetustus
OTU536,1.26E-05,OTU536Claroideoglomus,Glomeromycetes,Entrophosporales,Entrophosporaceae,Entrophospora
OTU682,0.000127583,OTU682Fungi,Paraglomeromycetes,Paraglomerales,Pervetustaceae,Pervetustus
OTU551,0.000351244,OTU551Fungi,Paraglomeromycetes,Paraglomerales,Pervetustaceae,Pervetustus
OTU989,0.000371785,OTU989Funneliformis,Glomeromycetes,Glomerales,Glomeraceae,Funneliformis
OTU498,6.70E-06,OTU498Glomus,Glomeromycetes,Glomerales,Glomeraceae,Microdominikia
OTU579,0,OTU579Glomus,Glomeromycetes,Glomerales,Glomeraceae,Microdominikia
OTU987,4.14E-05,OTU987Paraglomus,Paraglomeromycetes,Paraglomerales,Paraglomeraceae,Paraglomus
OTU683,6.23E-05,OTU683Fungi,Paraglomeromycetes,Paraglomerales,Pervetustaceae,Pervetustus
OTU734,0.002099222,OTU734Rhizophagus,Glomeromycetes,Glomerales,Glomeraceae,Rhizoglomus
OTU568,2.31E-05,OTU568Fungi,Paraglomeromycetes,Paraglomerales,Pervetustaceae,Pervetustus
OTU715,8.10E-05,OTU715Glomus,Glomeromycetes,Glomerales,Glomeraceae,Microdominikia
OTU574,2.26E-05,OTU574Glomus,Glomeromycetes,Glomerales,Glomeraceae,Microdominikia
OTU986,0.000166831,OTU986Fungi,Paraglomeromycetes,Paraglomerales,Pervetustaceae,Pervetustus
OTU659,9.64E-05,OTU659Glomus,Glomeromycetes,Glomerales,Glomeraceae,Microdominikia
OTU660,0.000179379,OTU660Fungi,Paraglomeromycetes,Paraglomerales,Pervetustaceae,Pervetustus
OTU1068,1.73E-05,OTU1068Glomus,Glomeromycetes,Glomerales,Glomeraceae,Microdominikia
OTU564,1.97E-05,OTU564Glomus,Glomeromycetes,Glomerales,Glomeraceae,Microdominikia
OTU735,9.31E-06,OTU735Claroideoglomus,Glomeromycetes,Entrophosporales,Entrophosporaceae,Entrophospora
OTU597,6.94E-05,OTU597Paraglomus,Paraglomeromycetes,Paraglomerales,Paraglomeraceae,Paraglomus
OTU998,9.95E-06,OTU998Glomus,Glomeromycetes,Glomerales,Glomeraceae,Dominikia
OTU1184,0.000353985,OTU1184Rhizophagus,Glomeromycetes,Glomerales,Glomeraceae,Rhizoglomus
OTU1065,0,OTU1065Claroideoglomus,Glomeromycetes,Entrophosporales,Entrophosporaceae,Entrophospora
OTU936,3.53E-05,OTU936Claroideoglomus,Glomeromycetes,Entrophosporales,Entrophosporaceae,Entrophospora
OTU1063,0,OTU1063Fungi,Paraglomeromycetes,Paraglomerales,Pervetustaceae,Pervetustus
OTU1070,0,OTU1070Fungi,Paraglomeromycetes,Paraglomerales,Pervetustaceae,Pervetustus
OTU1105,0,OTU1105Fungi,Paraglomeromycetes,Paraglomerales,Pervetustaceae,Pervetustus
OTU1197,0,OTU1197Claroideoglomus,Glomeromycetes,Entrophosporales,Entrophosporaceae,Entrophospora
OTU1274,6.28E-06,OTU1274Paraglomus,Paraglomeromycetes,Paraglomerales,Paraglomeraceae,Paraglomus
OTU1103,0,OTU1103Fungi,Paraglomeromycetes,Paraglomerales,Pervetustaceae,Pervetustus
OTU969,0,OTU969Claroideoglomus,Glomeromycetes,Entrophosporales,Entrophosporaceae,Entrophospora
OTU1013,7.47E-05,OTU1013Glomeraceae,Glomeromycetes,Glomerales,Glomeraceae,Sclerocystis
OTU975,0,OTU975Paraglomus,Paraglomeromycetes,Paraglomerales,Paraglomeraceae,Paraglomus
OTU945,5.31E-05,OTU945Glomus,Glomeromycetes,Glomerales,Glomeraceae,Dominikia
